tag,dag,segundos,run_id,timestamp_utc,lotes,registros,volume_total
V1_rep1,dag_ingestao_bronze,26.228,perf_V1_rep1_dag_ingestao_bronze_1784659364,2026-07-21T18:43:12Z,2,500,8000
V1_rep1,dag_silver_transform,192.022,perf_V1_rep1_dag_silver_transform_1784659393,2026-07-21T18:46:27Z,2,500,8000
V1_rep1,dag_gold_refresh,116.885,perf_V1_rep1_dag_gold_refresh_1784659587,2026-07-21T18:48:25Z,2,500,8000
V1_rep2,dag_ingestao_bronze,26.112,perf_V1_rep2_dag_ingestao_bronze_1784659794,2026-07-21T18:50:22Z,2,500,8000
V1_rep2,dag_silver_transform,191.815,perf_V1_rep2_dag_silver_transform_1784659822,2026-07-21T18:53:36Z,2,500,8000
V1_rep2,dag_gold_refresh,124.005,perf_V1_rep2_dag_gold_refresh_1784660016,2026-07-21T18:55:42Z,2,500,8000
V1_rep3,dag_ingestao_bronze,26.199,perf_V1_rep3_dag_ingestao_bronze_1784660230,2026-07-21T18:57:38Z,2,500,8000
V1_rep3,dag_silver_transform,198.962,perf_V1_rep3_dag_silver_transform_1784660258,2026-07-21T19:00:59Z,2,500,8000
V1_rep3,dag_gold_refresh,124.704,perf_V1_rep3_dag_gold_refresh_1784660459,2026-07-21T19:03:06Z,2,500,8000
V1_rep4,dag_ingestao_bronze,26.215,perf_V1_rep4_dag_ingestao_bronze_1784660668,2026-07-21T19:04:56Z,2,500,8000
V1_rep4,dag_silver_transform,191.284,perf_V1_rep4_dag_silver_transform_1784660697,2026-07-21T19:08:10Z,2,500,8000
V1_rep4,dag_gold_refresh,116.025,perf_V1_rep4_dag_gold_refresh_1784660890,2026-07-21T19:10:08Z,2,500,8000
V1_rep5,dag_ingestao_bronze,26.206,perf_V1_rep5_dag_ingestao_bronze_1784661095,2026-07-21T19:12:03Z,2,500,8000
V1_rep5,dag_silver_transform,192.110,perf_V1_rep5_dag_silver_transform_1784661123,2026-07-21T19:15:17Z,2,500,8000
V1_rep5,dag_gold_refresh,117.296,perf_V1_rep5_dag_gold_refresh_1784661318,2026-07-21T19:17:17Z,2,500,8000
V1_rep6,dag_ingestao_bronze,26.440,perf_V1_rep6_dag_ingestao_bronze_1784661524,2026-07-21T19:19:13Z,2,500,8000
V1_rep6,dag_silver_transform,199.792,perf_V1_rep6_dag_silver_transform_1784661553,2026-07-21T19:22:34Z,2,500,8000
V1_rep6,dag_gold_refresh,125.075,perf_V1_rep6_dag_gold_refresh_1784661754,2026-07-21T19:24:41Z,2,500,8000
V1_rep7,dag_ingestao_bronze,26.114,perf_V1_rep7_dag_ingestao_bronze_1784661969,2026-07-21T19:26:37Z,2,500,8000
V1_rep7,dag_silver_transform,191.665,perf_V1_rep7_dag_silver_transform_1784661997,2026-07-21T19:29:51Z,2,500,8000
V1_rep7,dag_gold_refresh,131.194,perf_V1_rep7_dag_gold_refresh_1784662191,2026-07-21T19:32:04Z,2,500,8000
V1_rep8,dag_ingestao_bronze,26.191,perf_V1_rep8_dag_ingestao_bronze_1784662412,2026-07-21T19:34:00Z,2,500,8000
V1_rep8,dag_silver_transform,200.181,perf_V1_rep8_dag_silver_transform_1784662440,2026-07-21T19:37:22Z,2,500,8000
V1_rep8,dag_gold_refresh,125.863,perf_V1_rep8_dag_gold_refresh_1784662643,2026-07-21T19:39:30Z,2,500,8000
V1_rep9,dag_ingestao_bronze,26.466,perf_V1_rep9_dag_ingestao_bronze_1784662859,2026-07-21T19:41:27Z,2,500,8000
V1_rep9,dag_silver_transform,195.946,perf_V1_rep9_dag_silver_transform_1784662887,2026-07-21T19:44:45Z,2,500,8000
V1_rep9,dag_gold_refresh,124.076,perf_V1_rep9_dag_gold_refresh_1784663086,2026-07-21T19:46:51Z,2,500,8000
V1_rep10,dag_ingestao_bronze,26.087,perf_V1_rep10_dag_ingestao_bronze_1784663308,2026-07-21T19:48:56Z,2,500,8000
V1_rep10,dag_silver_transform,191.304,perf_V1_rep10_dag_silver_transform_1784663336,2026-07-21T19:52:09Z,2,500,8000
V1_rep10,dag_gold_refresh,123.648,perf_V1_rep10_dag_gold_refresh_1784663529,2026-07-21T19:54:15Z,2,500,8000
V1_rep11,dag_ingestao_bronze,26.079,perf_V1_rep11_dag_ingestao_bronze_1784663744,2026-07-21T19:56:11Z,2,500,8000
V1_rep11,dag_silver_transform,198.171,perf_V1_rep11_dag_silver_transform_1784663772,2026-07-21T19:59:32Z,2,500,8000
V1_rep11,dag_gold_refresh,117.531,perf_V1_rep11_dag_gold_refresh_1784663972,2026-07-21T20:01:31Z,2,500,8000
V1_rep12,dag_ingestao_bronze,26.141,perf_V1_rep12_dag_ingestao_bronze_1784664179,2026-07-21T20:03:27Z,2,500,8000
V1_rep12,dag_silver_transform,191.389,perf_V1_rep12_dag_silver_transform_1784664207,2026-07-21T20:06:40Z,2,500,8000
V1_rep12,dag_gold_refresh,118.015,perf_V1_rep12_dag_gold_refresh_1784664400,2026-07-21T20:08:40Z,2,500,8000
V2_rep1,dag_ingestao_bronze,32.796,perf_V2_rep1_dag_ingestao_bronze_1784664611,2026-07-21T20:10:46Z,20,500,80000
V2_rep1,dag_silver_transform,205.223,perf_V2_rep1_dag_silver_transform_1784664646,2026-07-21T20:14:13Z,20,500,80000
V2_rep1,dag_gold_refresh,124.142,perf_V2_rep1_dag_gold_refresh_1784664853,2026-07-21T20:16:19Z,20,500,80000
V2_rep2,dag_ingestao_bronze,33.154,perf_V2_rep2_dag_ingestao_bronze_1784665075,2026-07-21T20:18:30Z,20,500,80000
V2_rep2,dag_silver_transform,198.556,perf_V2_rep2_dag_silver_transform_1784665110,2026-07-21T20:21:51Z,20,500,80000
V2_rep2,dag_gold_refresh,117.574,perf_V2_rep2_dag_gold_refresh_1784665311,2026-07-21T20:23:50Z,20,500,80000
V2_rep3,dag_ingestao_bronze,32.935,perf_V2_rep3_dag_ingestao_bronze_1784665514,2026-07-21T20:25:49Z,20,500,80000
V2_rep3,dag_silver_transform,198.407,perf_V2_rep3_dag_silver_transform_1784665550,2026-07-21T20:29:10Z,20,500,80000
V2_rep3,dag_gold_refresh,118.347,perf_V2_rep3_dag_gold_refresh_1784665750,2026-07-21T20:31:10Z,20,500,80000
V2_rep4,dag_ingestao_bronze,32.854,perf_V2_rep4_dag_ingestao_bronze_1784665962,2026-07-21T20:33:17Z,20,500,80000
V2_rep4,dag_silver_transform,199.015,perf_V2_rep4_dag_silver_transform_1784665997,2026-07-21T20:36:38Z,20,500,80000
V2_rep4,dag_gold_refresh,116.970,perf_V2_rep4_dag_gold_refresh_1784666198,2026-07-21T20:38:37Z,20,500,80000
V2_rep5,dag_ingestao_bronze,32.984,perf_V2_rep5_dag_ingestao_bronze_1784666402,2026-07-21T20:40:36Z,20,500,80000
V2_rep5,dag_silver_transform,191.994,perf_V2_rep5_dag_silver_transform_1784666437,2026-07-21T20:43:51Z,20,500,80000
V2_rep5,dag_gold_refresh,118.606,perf_V2_rep5_dag_gold_refresh_1784666631,2026-07-21T20:45:51Z,20,500,80000
V2_rep6,dag_ingestao_bronze,33.176,perf_V2_rep6_dag_ingestao_bronze_1784666842,2026-07-21T20:47:57Z,20,500,80000
V2_rep6,dag_silver_transform,198.582,perf_V2_rep6_dag_silver_transform_1784666877,2026-07-21T20:51:18Z,20,500,80000
V2_rep6,dag_gold_refresh,116.652,perf_V2_rep6_dag_gold_refresh_1784667078,2026-07-21T20:53:16Z,20,500,80000
V2_rep7,dag_ingestao_bronze,33.200,perf_V2_rep7_dag_ingestao_bronze_1784667287,2026-07-21T20:55:22Z,20,500,80000
V2_rep7,dag_silver_transform,205.035,perf_V2_rep7_dag_silver_transform_1784667323,2026-07-21T20:58:50Z,20,500,80000
V2_rep7,dag_gold_refresh,125.173,perf_V2_rep7_dag_gold_refresh_1784667530,2026-07-21T21:00:57Z,20,500,80000
V2_rep8,dag_ingestao_bronze,33.060,perf_V2_rep8_dag_ingestao_bronze_1784667748,2026-07-21T21:03:03Z,20,500,80000
V2_rep8,dag_silver_transform,198.479,perf_V2_rep8_dag_silver_transform_1784667783,2026-07-21T21:06:23Z,20,500,80000
V2_rep8,dag_gold_refresh,118.021,perf_V2_rep8_dag_gold_refresh_1784667984,2026-07-21T21:08:24Z,20,500,80000
V2_rep9,dag_ingestao_bronze,33.197,perf_V2_rep9_dag_ingestao_bronze_1784668193,2026-07-21T21:10:28Z,20,500,80000
V2_rep9,dag_silver_transform,198.758,perf_V2_rep9_dag_silver_transform_1784668228,2026-07-21T21:13:49Z,20,500,80000
V2_rep9,dag_gold_refresh,117.676,perf_V2_rep9_dag_gold_refresh_1784668429,2026-07-21T21:15:48Z,20,500,80000
V2_rep10,dag_ingestao_bronze,33.080,perf_V2_rep10_dag_ingestao_bronze_1784668640,2026-07-21T21:17:55Z,20,500,80000
V2_rep10,dag_silver_transform,198.419,perf_V2_rep10_dag_silver_transform_1784668675,2026-07-21T21:21:15Z,20,500,80000
V2_rep10,dag_gold_refresh,129.449,perf_V2_rep10_dag_gold_refresh_1784668876,2026-07-21T21:23:27Z,20,500,80000
V2_rep11,dag_ingestao_bronze,33.131,perf_V2_rep11_dag_ingestao_bronze_1784669097,2026-07-21T21:25:32Z,20,500,80000
V2_rep11,dag_silver_transform,198.639,perf_V2_rep11_dag_silver_transform_1784669132,2026-07-21T21:28:52Z,20,500,80000
V2_rep11,dag_gold_refresh,118.570,perf_V2_rep11_dag_gold_refresh_1784669333,2026-07-21T21:30:53Z,20,500,80000
V2_rep12,dag_ingestao_bronze,32.837,perf_V2_rep12_dag_ingestao_bronze_1784669537,2026-07-21T21:32:52Z,20,500,80000
V2_rep12,dag_silver_transform,198.578,perf_V2_rep12_dag_silver_transform_1784669572,2026-07-21T21:36:12Z,20,500,80000
V2_rep12,dag_gold_refresh,118.411,perf_V2_rep12_dag_gold_refresh_1784669773,2026-07-21T21:38:13Z,20,500,80000
V3_rep1,dag_ingestao_bronze,67.173,perf_V3_rep1_dag_ingestao_bronze_1784669998,2026-07-21T21:41:07Z,200,500,800000
V3_rep1,dag_silver_transform,244.896,perf_V3_rep1_dag_silver_transform_1784670067,2026-07-21T21:45:14Z,200,500,800000
V3_rep1,dag_gold_refresh,130.481,perf_V3_rep1_dag_gold_refresh_1784670314,2026-07-21T21:47:27Z,200,500,800000
V3_rep2,dag_ingestao_bronze,67.149,perf_V3_rep2_dag_ingestao_bronze_1784670558,2026-07-21T21:50:27Z,200,500,800000
V3_rep2,dag_silver_transform,245.812,perf_V3_rep2_dag_silver_transform_1784670627,2026-07-21T21:54:35Z,200,500,800000
V3_rep2,dag_gold_refresh,123.473,perf_V3_rep2_dag_gold_refresh_1784670875,2026-07-21T21:56:40Z,200,500,800000
V3_rep3,dag_ingestao_bronze,67.112,perf_V3_rep3_dag_ingestao_bronze_1784671108,2026-07-21T21:59:37Z,200,500,800000
V3_rep3,dag_silver_transform,239.166,perf_V3_rep3_dag_silver_transform_1784671177,2026-07-21T22:03:38Z,200,500,800000
V3_rep3,dag_gold_refresh,123.860,perf_V3_rep3_dag_gold_refresh_1784671418,2026-07-21T22:05:43Z,200,500,800000
V3_rep4,dag_ingestao_bronze,67.019,perf_V3_rep4_dag_ingestao_bronze_1784671652,2026-07-21T22:08:41Z,200,500,800000
V3_rep4,dag_silver_transform,244.876,perf_V3_rep4_dag_silver_transform_1784671721,2026-07-21T22:12:48Z,200,500,800000
V3_rep4,dag_gold_refresh,130.043,perf_V3_rep4_dag_gold_refresh_1784671968,2026-07-21T22:15:00Z,200,500,800000
V3_rep5,dag_ingestao_bronze,67.012,perf_V3_rep5_dag_ingestao_bronze_1784672217,2026-07-21T22:18:06Z,200,500,800000
V3_rep5,dag_silver_transform,245.985,perf_V3_rep5_dag_silver_transform_1784672287,2026-07-21T22:22:14Z,200,500,800000
V3_rep5,dag_gold_refresh,123.297,perf_V3_rep5_dag_gold_refresh_1784672535,2026-07-21T22:24:20Z,200,500,800000
V3_rep6,dag_ingestao_bronze,73.841,perf_V3_rep6_dag_ingestao_bronze_1784672771,2026-07-21T22:27:27Z,200,500,800000
V3_rep6,dag_silver_transform,245.893,perf_V3_rep6_dag_silver_transform_1784672847,2026-07-21T22:31:35Z,200,500,800000
V3_rep6,dag_gold_refresh,123.862,perf_V3_rep6_dag_gold_refresh_1784673095,2026-07-21T22:33:41Z,200,500,800000
V3_rep7,dag_ingestao_bronze,66.995,perf_V3_rep7_dag_ingestao_bronze_1784673326,2026-07-21T22:36:35Z,200,500,800000
V3_rep7,dag_silver_transform,246.220,perf_V3_rep7_dag_silver_transform_1784673395,2026-07-21T22:40:43Z,200,500,800000
V3_rep7,dag_gold_refresh,122.773,perf_V3_rep7_dag_gold_refresh_1784673643,2026-07-21T22:42:48Z,200,500,800000
V3_rep8,dag_ingestao_bronze,67.183,perf_V3_rep8_dag_ingestao_bronze_1784673919,2026-07-21T22:46:28Z,200,500,800000
V3_rep8,dag_silver_transform,239.064,perf_V3_rep8_dag_silver_transform_1784673988,2026-07-21T22:50:29Z,200,500,800000
V3_rep8,dag_gold_refresh,123.358,perf_V3_rep8_dag_gold_refresh_1784674229,2026-07-21T22:52:35Z,200,500,800000
V3_rep9,dag_ingestao_bronze,79.643,perf_V3_rep9_dag_ingestao_bronze_1784674466,2026-07-21T22:55:48Z,200,500,800000
V3_rep9,dag_silver_transform,270.078,perf_V3_rep9_dag_silver_transform_1784674548,2026-07-21T23:00:20Z,200,500,800000
V3_rep9,dag_gold_refresh,130.298,perf_V3_rep9_dag_gold_refresh_1784674820,2026-07-21T23:02:32Z,200,500,800000
V3_rep10,dag_ingestao_bronze,67.079,perf_V3_rep10_dag_ingestao_bronze_1784675060,2026-07-21T23:05:29Z,200,500,800000
V3_rep10,dag_silver_transform,238.865,perf_V3_rep10_dag_silver_transform_1784675129,2026-07-21T23:09:30Z,200,500,800000
V3_rep10,dag_gold_refresh,150.473,perf_V3_rep10_dag_gold_refresh_1784675370,2026-07-21T23:12:02Z,200,500,800000
V3_rep11,dag_ingestao_bronze,67.075,perf_V3_rep11_dag_ingestao_bronze_1784675630,2026-07-21T23:14:59Z,200,500,800000
V3_rep11,dag_silver_transform,244.902,perf_V3_rep11_dag_silver_transform_1784675700,2026-07-21T23:19:06Z,200,500,800000
V3_rep11,dag_gold_refresh,130.703,perf_V3_rep11_dag_gold_refresh_1784675947,2026-07-21T23:21:19Z,200,500,800000
V3_rep12,dag_ingestao_bronze,67.179,perf_V3_rep12_dag_ingestao_bronze_1784676187,2026-07-21T23:24:15Z,200,500,800000
V3_rep12,dag_silver_transform,244.648,perf_V3_rep12_dag_silver_transform_1784676256,2026-07-21T23:28:22Z,200,500,800000
V3_rep12,dag_gold_refresh,123.170,perf_V3_rep12_dag_gold_refresh_1784676503,2026-07-21T23:30:28Z,200,500,800000
C1_rep1,dag_ingestao_bronze,67.106,perf_C1_rep1_dag_ingestao_bronze_1784676735,2026-07-21T23:33:24Z,200,500,800000
C1_rep1,dag_silver_transform,245.825,perf_C1_rep1_dag_silver_transform_1784676804,2026-07-21T23:37:31Z,200,500,800000
C1_rep1,dag_gold_refresh,123.805,perf_C1_rep1_dag_gold_refresh_1784677051,2026-07-21T23:39:37Z,200,500,800000
C1_rep2,dag_ingestao_bronze,67.116,perf_C1_rep2_dag_ingestao_bronze_1784677293,2026-07-21T23:42:42Z,200,500,800000
C1_rep2,dag_silver_transform,245.737,perf_C1_rep2_dag_silver_transform_1784677363,2026-07-21T23:46:50Z,200,500,800000
C1_rep2,dag_gold_refresh,123.982,perf_C1_rep2_dag_gold_refresh_1784677611,2026-07-21T23:48:57Z,200,500,800000
C1_rep3,dag_ingestao_bronze,67.011,perf_C1_rep3_dag_ingestao_bronze_1784677864,2026-07-21T23:52:13Z,200,500,800000
C1_rep3,dag_silver_transform,252.710,perf_C1_rep3_dag_silver_transform_1784677933,2026-07-21T23:56:28Z,200,500,800000
C1_rep3,dag_gold_refresh,123.149,perf_C1_rep3_dag_gold_refresh_1784678188,2026-07-21T23:58:33Z,200,500,800000
C1_rep4,dag_ingestao_bronze,67.242,perf_C1_rep4_dag_ingestao_bronze_1784678420,2026-07-22T00:01:29Z,200,500,800000
C1_rep4,dag_silver_transform,239.234,perf_C1_rep4_dag_silver_transform_1784678489,2026-07-22T00:05:30Z,200,500,800000
C1_rep4,dag_gold_refresh,123.350,perf_C1_rep4_dag_gold_refresh_1784678731,2026-07-22T00:07:36Z,200,500,800000
C1_rep5,dag_ingestao_bronze,66.943,perf_C1_rep5_dag_ingestao_bronze_1784678972,2026-07-22T00:10:41Z,200,500,800000
C1_rep5,dag_silver_transform,246.096,perf_C1_rep5_dag_silver_transform_1784679041,2026-07-22T00:14:49Z,200,500,800000
C1_rep5,dag_gold_refresh,123.168,perf_C1_rep5_dag_gold_refresh_1784679289,2026-07-22T00:16:54Z,200,500,800000
C1_rep6,dag_ingestao_bronze,67.119,perf_C1_rep6_dag_ingestao_bronze_1784679525,2026-07-22T00:19:54Z,200,500,800000
C1_rep6,dag_silver_transform,245.612,perf_C1_rep6_dag_silver_transform_1784679594,2026-07-22T00:24:01Z,200,500,800000
C1_rep6,dag_gold_refresh,123.319,perf_C1_rep6_dag_gold_refresh_1784679841,2026-07-22T00:26:07Z,200,500,800000
C1_rep7,dag_ingestao_bronze,67.081,perf_C1_rep7_dag_ingestao_bronze_1784680072,2026-07-22T00:29:00Z,200,500,800000
C1_rep7,dag_silver_transform,245.592,perf_C1_rep7_dag_silver_transform_1784680141,2026-07-22T00:33:08Z,200,500,800000
C1_rep7,dag_gold_refresh,123.681,perf_C1_rep7_dag_gold_refresh_1784680389,2026-07-22T00:35:14Z,200,500,800000
C1_rep8,dag_ingestao_bronze,67.046,perf_C1_rep8_dag_ingestao_bronze_1784680623,2026-07-22T00:38:11Z,200,500,800000
C1_rep8,dag_silver_transform,245.015,perf_C1_rep8_dag_silver_transform_1784680692,2026-07-22T00:42:19Z,200,500,800000
C1_rep8,dag_gold_refresh,162.970,perf_C1_rep8_dag_gold_refresh_1784680939,2026-07-22T00:45:03Z,200,500,800000
C1_rep9,dag_ingestao_bronze,67.010,perf_C1_rep9_dag_ingestao_bronze_1784681221,2026-07-22T00:48:10Z,200,500,800000
C1_rep9,dag_silver_transform,245.659,perf_C1_rep9_dag_silver_transform_1784681290,2026-07-22T00:52:18Z,200,500,800000
C1_rep9,dag_gold_refresh,123.414,perf_C1_rep9_dag_gold_refresh_1784681538,2026-07-22T00:54:23Z,200,500,800000
C1_rep10,dag_ingestao_bronze,67.091,perf_C1_rep10_dag_ingestao_bronze_1784681764,2026-07-22T00:57:13Z,200,500,800000
C1_rep10,dag_silver_transform,245.863,perf_C1_rep10_dag_silver_transform_1784681834,2026-07-22T01:01:21Z,200,500,800000
C1_rep10,dag_gold_refresh,123.419,perf_C1_rep10_dag_gold_refresh_1784682082,2026-07-22T01:03:27Z,200,500,800000
C1_rep11,dag_ingestao_bronze,67.003,perf_C1_rep11_dag_ingestao_bronze_1784682321,2026-07-22T01:06:30Z,200,500,800000
C1_rep11,dag_silver_transform,244.987,perf_C1_rep11_dag_silver_transform_1784682391,2026-07-22T01:10:37Z,200,500,800000
C1_rep11,dag_gold_refresh,130.141,perf_C1_rep11_dag_gold_refresh_1784682638,2026-07-22T01:12:50Z,200,500,800000
C1_rep12,dag_ingestao_bronze,67.231,perf_C1_rep12_dag_ingestao_bronze_1784682894,2026-07-22T01:16:03Z,200,500,800000
C1_rep12,dag_silver_transform,239.642,perf_C1_rep12_dag_silver_transform_1784682964,2026-07-22T01:20:05Z,200,500,800000
C1_rep12,dag_gold_refresh,123.626,perf_C1_rep12_dag_gold_refresh_1784683206,2026-07-22T01:22:11Z,200,500,800000
C2_rep1,dag_ingestao_bronze,67.090,perf_C2_rep1_dag_ingestao_bronze_1784683438,2026-07-22T01:25:07Z,200,500,800000
C2_rep1,dag_silver_transform,226.118,perf_C2_rep1_dag_silver_transform_1784683508,2026-07-22T01:28:56Z,200,500,800000
C2_rep1,dag_gold_refresh,130.370,perf_C2_rep1_dag_gold_refresh_1784683736,2026-07-22T01:31:08Z,200,500,800000
C2_rep2,dag_ingestao_bronze,67.036,perf_C2_rep2_dag_ingestao_bronze_1784683982,2026-07-22T01:34:10Z,200,500,800000
C2_rep2,dag_silver_transform,226.193,perf_C2_rep2_dag_silver_transform_1784684051,2026-07-22T01:37:59Z,200,500,800000
C2_rep2,dag_gold_refresh,122.712,perf_C2_rep2_dag_gold_refresh_1784684279,2026-07-22T01:40:04Z,200,500,800000
C2_rep3,dag_ingestao_bronze,67.357,perf_C2_rep3_dag_ingestao_bronze_1784684519,2026-07-22T01:43:08Z,200,500,800000
C2_rep3,dag_silver_transform,225.649,perf_C2_rep3_dag_silver_transform_1784684588,2026-07-22T01:46:55Z,200,500,800000
C2_rep3,dag_gold_refresh,123.315,perf_C2_rep3_dag_gold_refresh_1784684816,2026-07-22T01:49:01Z,200,500,800000
C2_rep4,dag_ingestao_bronze,66.995,perf_C2_rep4_dag_ingestao_bronze_1784685055,2026-07-22T01:52:04Z,200,500,800000
C2_rep4,dag_silver_transform,226.293,perf_C2_rep4_dag_silver_transform_1784685124,2026-07-22T01:55:52Z,200,500,800000
C2_rep4,dag_gold_refresh,123.295,perf_C2_rep4_dag_gold_refresh_1784685352,2026-07-22T01:57:58Z,200,500,800000
C2_rep5,dag_ingestao_bronze,67.134,perf_C2_rep5_dag_ingestao_bronze_1784685590,2026-07-22T02:00:59Z,200,500,800000
C2_rep5,dag_silver_transform,224.856,perf_C2_rep5_dag_silver_transform_1784685660,2026-07-22T02:04:46Z,200,500,800000
C2_rep5,dag_gold_refresh,123.212,perf_C2_rep5_dag_gold_refresh_1784685887,2026-07-22T02:06:51Z,200,500,800000
C2_rep6,dag_ingestao_bronze,67.282,perf_C2_rep6_dag_ingestao_bronze_1784686142,2026-07-22T02:10:11Z,200,500,800000
C2_rep6,dag_silver_transform,225.529,perf_C2_rep6_dag_silver_transform_1784686211,2026-07-22T02:13:59Z,200,500,800000
C2_rep6,dag_gold_refresh,122.806,perf_C2_rep6_dag_gold_refresh_1784686439,2026-07-22T02:16:04Z,200,500,800000
C2_rep7,dag_ingestao_bronze,67.066,perf_C2_rep7_dag_ingestao_bronze_1784686699,2026-07-22T02:19:28Z,200,500,800000
C2_rep7,dag_silver_transform,226.035,perf_C2_rep7_dag_silver_transform_1784686768,2026-07-22T02:23:16Z,200,500,800000
C2_rep7,dag_gold_refresh,130.090,perf_C2_rep7_dag_gold_refresh_1784686996,2026-07-22T02:25:28Z,200,500,800000
C2_rep8,dag_ingestao_bronze,67.183,perf_C2_rep8_dag_ingestao_bronze_1784687238,2026-07-22T02:28:27Z,200,500,800000
C2_rep8,dag_silver_transform,232.507,perf_C2_rep8_dag_silver_transform_1784687307,2026-07-22T02:32:21Z,200,500,800000
C2_rep8,dag_gold_refresh,122.999,perf_C2_rep8_dag_gold_refresh_1784687541,2026-07-22T02:34:26Z,200,500,800000
C2_rep9,dag_ingestao_bronze,67.018,perf_C2_rep9_dag_ingestao_bronze_1784687777,2026-07-22T02:37:26Z,200,500,800000
C2_rep9,dag_silver_transform,226.192,perf_C2_rep9_dag_silver_transform_1784687847,2026-07-22T02:41:15Z,200,500,800000
C2_rep9,dag_gold_refresh,123.607,perf_C2_rep9_dag_gold_refresh_1784688075,2026-07-22T02:43:20Z,200,500,800000
C2_rep10,dag_ingestao_bronze,67.174,perf_C2_rep10_dag_ingestao_bronze_1784688315,2026-07-22T02:46:24Z,200,500,800000
C2_rep10,dag_silver_transform,226.242,perf_C2_rep10_dag_silver_transform_1784688384,2026-07-22T02:50:12Z,200,500,800000
C2_rep10,dag_gold_refresh,139.686,perf_C2_rep10_dag_gold_refresh_1784688612,2026-07-22T02:52:34Z,200,500,800000
C2_rep11,dag_ingestao_bronze,66.949,perf_C2_rep11_dag_ingestao_bronze_1784688871,2026-07-22T02:55:40Z,200,500,800000
C2_rep11,dag_silver_transform,219.489,perf_C2_rep11_dag_silver_transform_1784688941,2026-07-22T02:59:22Z,200,500,800000
C2_rep11,dag_gold_refresh,123.113,perf_C2_rep11_dag_gold_refresh_1784689162,2026-07-22T03:01:27Z,200,500,800000
C2_rep12,dag_ingestao_bronze,67.200,perf_C2_rep12_dag_ingestao_bronze_1784689402,2026-07-22T03:04:31Z,200,500,800000
C2_rep12,dag_silver_transform,232.243,perf_C2_rep12_dag_silver_transform_1784689471,2026-07-22T03:08:25Z,200,500,800000
C2_rep12,dag_gold_refresh,123.485,perf_C2_rep12_dag_gold_refresh_1784689706,2026-07-22T03:10:31Z,200,500,800000
C4_rep1,dag_ingestao_bronze,67.256,perf_C4_rep1_dag_ingestao_bronze_1784689938,2026-07-22T03:13:27Z,200,500,800000
C4_rep1,dag_silver_transform,206.507,perf_C4_rep1_dag_silver_transform_1784690007,2026-07-22T03:16:56Z,200,500,800000
C4_rep1,dag_gold_refresh,123.369,perf_C4_rep1_dag_gold_refresh_1784690216,2026-07-22T03:19:01Z,200,500,800000
C4_rep2,dag_ingestao_bronze,67.462,perf_C4_rep2_dag_ingestao_bronze_1784690451,2026-07-22T03:22:00Z,200,500,800000
C4_rep2,dag_silver_transform,213.339,perf_C4_rep2_dag_silver_transform_1784690521,2026-07-22T03:25:36Z,200,500,800000
C4_rep2,dag_gold_refresh,123.630,perf_C4_rep2_dag_gold_refresh_1784690736,2026-07-22T03:27:42Z,200,500,800000
C4_rep3,dag_ingestao_bronze,67.062,perf_C4_rep3_dag_ingestao_bronze_1784690979,2026-07-22T03:30:48Z,200,500,800000
C4_rep3,dag_silver_transform,212.864,perf_C4_rep3_dag_silver_transform_1784691048,2026-07-22T03:34:22Z,200,500,800000
C4_rep3,dag_gold_refresh,129.857,perf_C4_rep3_dag_gold_refresh_1784691262,2026-07-22T03:36:34Z,200,500,800000
C4_rep4,dag_ingestao_bronze,67.063,perf_C4_rep4_dag_ingestao_bronze_1784691504,2026-07-22T03:39:33Z,200,500,800000
C4_rep4,dag_silver_transform,213.508,perf_C4_rep4_dag_silver_transform_1784691573,2026-07-22T03:43:08Z,200,500,800000
C4_rep4,dag_gold_refresh,123.116,perf_C4_rep4_dag_gold_refresh_1784691788,2026-07-22T03:45:13Z,200,500,800000
C4_rep5,dag_ingestao_bronze,66.994,perf_C4_rep5_dag_ingestao_bronze_1784692022,2026-07-22T03:48:11Z,200,500,800000
C4_rep5,dag_silver_transform,212.830,perf_C4_rep5_dag_silver_transform_1784692092,2026-07-22T03:51:46Z,200,500,800000
C4_rep5,dag_gold_refresh,130.080,perf_C4_rep5_dag_gold_refresh_1784692307,2026-07-22T03:53:59Z,200,500,800000
C4_rep6,dag_ingestao_bronze,67.222,perf_C4_rep6_dag_ingestao_bronze_1784692558,2026-07-22T03:57:07Z,200,500,800000
C4_rep6,dag_silver_transform,213.340,perf_C4_rep6_dag_silver_transform_1784692628,2026-07-22T04:00:43Z,200,500,800000
C4_rep6,dag_gold_refresh,123.700,perf_C4_rep6_dag_gold_refresh_1784692843,2026-07-22T04:02:49Z,200,500,800000
C4_rep7,dag_ingestao_bronze,66.952,perf_C4_rep7_dag_ingestao_bronze_1784693080,2026-07-22T04:05:49Z,200,500,800000
C4_rep7,dag_silver_transform,219.659,perf_C4_rep7_dag_silver_transform_1784693149,2026-07-22T04:09:30Z,200,500,800000
C4_rep7,dag_gold_refresh,130.373,perf_C4_rep7_dag_gold_refresh_1784693371,2026-07-22T04:11:43Z,200,500,800000
C4_rep8,dag_ingestao_bronze,67.183,perf_C4_rep8_dag_ingestao_bronze_1784693611,2026-07-22T04:14:40Z,200,500,800000
C4_rep8,dag_silver_transform,213.073,perf_C4_rep8_dag_silver_transform_1784693680,2026-07-22T04:18:15Z,200,500,800000
C4_rep8,dag_gold_refresh,123.116,perf_C4_rep8_dag_gold_refresh_1784693895,2026-07-22T04:20:20Z,200,500,800000
C4_rep9,dag_ingestao_bronze,67.099,perf_C4_rep9_dag_ingestao_bronze_1784694134,2026-07-22T04:23:23Z,200,500,800000
C4_rep9,dag_silver_transform,213.176,perf_C4_rep9_dag_silver_transform_1784694203,2026-07-22T04:26:58Z,200,500,800000
C4_rep9,dag_gold_refresh,123.309,perf_C4_rep9_dag_gold_refresh_1784694419,2026-07-22T04:29:04Z,200,500,800000
C4_rep10,dag_ingestao_bronze,67.024,perf_C4_rep10_dag_ingestao_bronze_1784694651,2026-07-22T04:32:00Z,200,500,800000
C4_rep10,dag_silver_transform,213.047,perf_C4_rep10_dag_silver_transform_1784694721,2026-07-22T04:35:35Z,200,500,800000
C4_rep10,dag_gold_refresh,123.342,perf_C4_rep10_dag_gold_refresh_1784694936,2026-07-22T04:37:41Z,200,500,800000
C4_rep11,dag_ingestao_bronze,67.005,perf_C4_rep11_dag_ingestao_bronze_1784695178,2026-07-22T04:40:47Z,200,500,800000
C4_rep11,dag_silver_transform,213.173,perf_C4_rep11_dag_silver_transform_1784695248,2026-07-22T04:44:22Z,200,500,800000
C4_rep11,dag_gold_refresh,123.399,perf_C4_rep11_dag_gold_refresh_1784695463,2026-07-22T04:46:28Z,200,500,800000
C4_rep12,dag_ingestao_bronze,67.075,perf_C4_rep12_dag_ingestao_bronze_1784695710,2026-07-22T04:49:39Z,200,500,800000
C4_rep12,dag_silver_transform,213.237,perf_C4_rep12_dag_silver_transform_1784695779,2026-07-22T04:53:14Z,200,500,800000
C4_rep12,dag_gold_refresh,129.874,perf_C4_rep12_dag_gold_refresh_1784695994,2026-07-22T04:55:26Z,200,500,800000
